motion_id,style,caption,source_file
035441,robot_mechanical,"a person dances around the room, holding someone.",/Data/yash.bhardwaj/datasets/Retargeted100Style/RETARGETED_100STYLE/texts/035441.txt
M035441,robot_mechanical,a person performs a choreographed dance move.,/Data/yash.bhardwaj/datasets/Retargeted100Style/RETARGETED_100STYLE/texts/M035441.txt
035442,robot_mechanical,a person walks in a counter clock wise circle backwards.,/Data/yash.bhardwaj/datasets/Retargeted100Style/RETARGETED_100STYLE/texts/035442.txt
M035442,robot_mechanical,a person walks in a clockwise circle while turning in different directions as if disoriented.,/Data/yash.bhardwaj/datasets/Retargeted100Style/RETARGETED_100STYLE/texts/M035442.txt
035443,robot_mechanical,a person is dancing around ballet style on their tip-toes and waving their arms accordingly.,/Data/yash.bhardwaj/datasets/Retargeted100Style/RETARGETED_100STYLE/texts/035443.txt
M035443,robot_mechanical,a person who seems to be dancing in the style of waltz,/Data/yash.bhardwaj/datasets/Retargeted100Style/RETARGETED_100STYLE/texts/M035443.txt
035444,robot_mechanical,"a person makes several small hand gestures, walks forward and to the right, turns around and appears to pour something into a container.",/Data/yash.bhardwaj/datasets/Retargeted100Style/RETARGETED_100STYLE/texts/035444.txt
M035444,robot_mechanical,a person is dancing in a twirling motion while holding their arms up as if they were dancing with a partner.,/Data/yash.bhardwaj/datasets/Retargeted100Style/RETARGETED_100STYLE/texts/M035444.txt
035445,robot_mechanical,a person is dancing around ballet style on their tip-toes and waving their arms accordingly.,/Data/yash.bhardwaj/datasets/Retargeted100Style/RETARGETED_100STYLE/texts/035445.txt
M035445,robot_mechanical,a person grabbed something and person lean in near to face,/Data/yash.bhardwaj/datasets/Retargeted100Style/RETARGETED_100STYLE/texts/M035445.txt
035446,robot_mechanical,a person performs a salsa dance.,/Data/yash.bhardwaj/datasets/Retargeted100Style/RETARGETED_100STYLE/texts/035446.txt
M035446,robot_mechanical,a person performs a salsa dance.,/Data/yash.bhardwaj/datasets/Retargeted100Style/RETARGETED_100STYLE/texts/M035446.txt
035447,robot_mechanical,a person moves in rythym to the musical beat moving his arms. at the same time the person moves his feet back and forth in a,/Data/yash.bhardwaj/datasets/Retargeted100Style/RETARGETED_100STYLE/texts/035447.txt
M035447,robot_mechanical,a person performs a salsa dance.,/Data/yash.bhardwaj/datasets/Retargeted100Style/RETARGETED_100STYLE/texts/M035447.txt
035448,robot_mechanical,a person is doing a dance.,/Data/yash.bhardwaj/datasets/Retargeted100Style/RETARGETED_100STYLE/texts/035448.txt
M035448,robot_mechanical,"a person dances around, first wiggling their hips and then moving their left leg towards the right and then back and bending forward from the hips and moving their body all around.",/Data/yash.bhardwaj/datasets/Retargeted100Style/RETARGETED_100STYLE/texts/M035448.txt
035449,robot_mechanical,"a person dances with their arms out in front of them, like a salsa.",/Data/yash.bhardwaj/datasets/Retargeted100Style/RETARGETED_100STYLE/texts/035449.txt
M035449,robot_mechanical,the person is doing the salsa.,/Data/yash.bhardwaj/datasets/Retargeted100Style/RETARGETED_100STYLE/texts/M035449.txt
035450,robot_mechanical,"a person dances with their arms out in front of them, like a salsa.",/Data/yash.bhardwaj/datasets/Retargeted100Style/RETARGETED_100STYLE/texts/035450.txt
M035450,robot_mechanical,"a person dances around the room, holding someone.",/Data/yash.bhardwaj/datasets/Retargeted100Style/RETARGETED_100STYLE/texts/M035450.txt
035451,robot_mechanical,a person turns around and walks away.,/Data/yash.bhardwaj/datasets/Retargeted100Style/RETARGETED_100STYLE/texts/035451.txt
M035451,robot_mechanical,a person stands on one leg and tries to pull the other leg up into the air,/Data/yash.bhardwaj/datasets/Retargeted100Style/RETARGETED_100STYLE/texts/M035451.txt
035452,robot_mechanical,a person doing the dancing in the rain dance.,/Data/yash.bhardwaj/datasets/Retargeted100Style/RETARGETED_100STYLE/texts/035452.txt
M035452,robot_mechanical,a person twisting their back around and stretching it.,/Data/yash.bhardwaj/datasets/Retargeted100Style/RETARGETED_100STYLE/texts/M035452.txt
035453,robot_mechanical,a person appears to be doing dances.,/Data/yash.bhardwaj/datasets/Retargeted100Style/RETARGETED_100STYLE/texts/035453.txt
M035453,robot_mechanical,"a person makes small steps foward, turns around, makes quick small steps back, then stops and turns around.",/Data/yash.bhardwaj/datasets/Retargeted100Style/RETARGETED_100STYLE/texts/M035453.txt
035454,robot_mechanical,"a person holds an object in their hands, brings it to eye level, and turns left and right.",/Data/yash.bhardwaj/datasets/Retargeted100Style/RETARGETED_100STYLE/texts/035454.txt
M035454,robot_mechanical,"a person turns around, then walks forward and puts something down.",/Data/yash.bhardwaj/datasets/Retargeted100Style/RETARGETED_100STYLE/texts/M035454.txt
035455,robot_mechanical,a person 34 degrees to the right while walking and as he does so.,/Data/yash.bhardwaj/datasets/Retargeted100Style/RETARGETED_100STYLE/texts/035455.txt
M035455,robot_mechanical,the person is shaking hands.,/Data/yash.bhardwaj/datasets/Retargeted100Style/RETARGETED_100STYLE/texts/M035455.txt
035456,robot_mechanical,a person is doing the chicken dance; two reps.,/Data/yash.bhardwaj/datasets/Retargeted100Style/RETARGETED_100STYLE/texts/035456.txt
M035456,robot_mechanical,a person is swinging side to side as a warm up,/Data/yash.bhardwaj/datasets/Retargeted100Style/RETARGETED_100STYLE/texts/M035456.txt
035457,robot_mechanical,a person twists their upper body from right to left with their arms hinged.,/Data/yash.bhardwaj/datasets/Retargeted100Style/RETARGETED_100STYLE/texts/035457.txt
M035457,robot_mechanical,a person is moving their hips in a circular motion with their arms strechted outward to the sides,/Data/yash.bhardwaj/datasets/Retargeted100Style/RETARGETED_100STYLE/texts/M035457.txt
035458,robot_mechanical,"a person looks to their right, then to their left, then back a little farther to the right while slightly twisting.",/Data/yash.bhardwaj/datasets/Retargeted100Style/RETARGETED_100STYLE/texts/035458.txt
M035458,robot_mechanical,"a person turns slightly to their left, then brings their arms out to their sides.",/Data/yash.bhardwaj/datasets/Retargeted100Style/RETARGETED_100STYLE/texts/M035458.txt
035459,robot_mechanical,"a person looks to their left, then to their right, then back a little farther to the left while slightly twisting.",/Data/yash.bhardwaj/datasets/Retargeted100Style/RETARGETED_100STYLE/texts/035459.txt
M035459,robot_mechanical,a person moves their hands together in a horizontal figure eight in front of them.,/Data/yash.bhardwaj/datasets/Retargeted100Style/RETARGETED_100STYLE/texts/M035459.txt
035460,robot_mechanical,a person looks to be shaking someones hand,/Data/yash.bhardwaj/datasets/Retargeted100Style/RETARGETED_100STYLE/texts/035460.txt
M035460,robot_mechanical,the person is punching something.,/Data/yash.bhardwaj/datasets/Retargeted100Style/RETARGETED_100STYLE/texts/M035460.txt
035461,robot_mechanical,person walks forward and then turns around and walks the other way stopping to reach something and then walks forward again and then turns around and walks the other way.,/Data/yash.bhardwaj/datasets/Retargeted100Style/RETARGETED_100STYLE/texts/035461.txt
M035461,robot_mechanical,a person is walking forward while holding something in his left hand.,/Data/yash.bhardwaj/datasets/Retargeted100Style/RETARGETED_100STYLE/texts/M035461.txt
035462,robot_mechanical,the person is walking around and dancing.,/Data/yash.bhardwaj/datasets/Retargeted100Style/RETARGETED_100STYLE/texts/035462.txt
M035462,robot_mechanical,the person is walking towards the right around in a circle.,/Data/yash.bhardwaj/datasets/Retargeted100Style/RETARGETED_100STYLE/texts/M035462.txt
035463,robot_mechanical,"a person is pushing something clockwise in a circle, stops and picks something up and tosses it.",/Data/yash.bhardwaj/datasets/Retargeted100Style/RETARGETED_100STYLE/texts/035463.txt
M035463,robot_mechanical,"a person walks in a circle motion with their hands up, infront of them.",/Data/yash.bhardwaj/datasets/Retargeted100Style/RETARGETED_100STYLE/texts/M035463.txt
035464,robot_mechanical,a person is walking while holding a hand rail,/Data/yash.bhardwaj/datasets/Retargeted100Style/RETARGETED_100STYLE/texts/035464.txt
M035464,robot_mechanical,the person is walking around with a stomach ache.,/Data/yash.bhardwaj/datasets/Retargeted100Style/RETARGETED_100STYLE/texts/M035464.txt
035465,robot_mechanical,a person walks in a circle clockwise while holding something up to their left ear.,/Data/yash.bhardwaj/datasets/Retargeted100Style/RETARGETED_100STYLE/texts/035465.txt
M035465,robot_mechanical,the person is walking around thinking about something.,/Data/yash.bhardwaj/datasets/Retargeted100Style/RETARGETED_100STYLE/texts/M035465.txt
035466,robot_mechanical,a person is walking while pushing something,/Data/yash.bhardwaj/datasets/Retargeted100Style/RETARGETED_100STYLE/texts/035466.txt
M035466,robot_mechanical,a person carries something on their right shoulder.,/Data/yash.bhardwaj/datasets/Retargeted100Style/RETARGETED_100STYLE/texts/M035466.txt
035467,robot_mechanical,the person is walking around looking around for something.,/Data/yash.bhardwaj/datasets/Retargeted100Style/RETARGETED_100STYLE/texts/035467.txt
M035467,robot_mechanical,a person walks in a circle clockwise while holding something up to their left ear.,/Data/yash.bhardwaj/datasets/Retargeted100Style/RETARGETED_100STYLE/texts/M035467.txt
035468,robot_mechanical,a person pushes something in front of their face then raises their arms,/Data/yash.bhardwaj/datasets/Retargeted100Style/RETARGETED_100STYLE/texts/035468.txt
M035468,robot_mechanical,the person iswalking around looking for something.,/Data/yash.bhardwaj/datasets/Retargeted100Style/RETARGETED_100STYLE/texts/M035468.txt
035469,robot_mechanical,"a person runs around in a circle in a counterclockwise motion, completing two laps total",/Data/yash.bhardwaj/datasets/Retargeted100Style/RETARGETED_100STYLE/texts/035469.txt
M035469,robot_mechanical,a person is doing a dance which involves shaking their hips.,/Data/yash.bhardwaj/datasets/Retargeted100Style/RETARGETED_100STYLE/texts/M035469.txt
035470,robot_mechanical,a person runs in a circle while facing the same direction,/Data/yash.bhardwaj/datasets/Retargeted100Style/RETARGETED_100STYLE/texts/035470.txt
M035470,robot_mechanical,"a person runs along the fence holding his phone in his left hand, then he stops and walks back",/Data/yash.bhardwaj/datasets/Retargeted100Style/RETARGETED_100STYLE/texts/M035470.txt
035471,robot_mechanical,the person was standing up and sat down.,/Data/yash.bhardwaj/datasets/Retargeted100Style/RETARGETED_100STYLE/texts/035471.txt
M035471,robot_mechanical,the person was turning around.,/Data/yash.bhardwaj/datasets/Retargeted100Style/RETARGETED_100STYLE/texts/M035471.txt
035472,robot_mechanical,a person turning in a circle while using its left hand to cup the sound out of the person's mouth.,/Data/yash.bhardwaj/datasets/Retargeted100Style/RETARGETED_100STYLE/texts/035472.txt
M035472,robot_mechanical,"a person turns around the opposite way, then walks in a zig-zag motion",/Data/yash.bhardwaj/datasets/Retargeted100Style/RETARGETED_100STYLE/texts/M035472.txt
035473,robot_mechanical,a person took a slight step to the left and then they took a step to the right facing the camera.,/Data/yash.bhardwaj/datasets/Retargeted100Style/RETARGETED_100STYLE/texts/035473.txt
M035473,robot_mechanical,"a person turns slightly to their left, then brings their left hand out in front of them.",/Data/yash.bhardwaj/datasets/Retargeted100Style/RETARGETED_100STYLE/texts/M035473.txt
035474,robot_mechanical,"a person looks to their left, then to their right, then back a little farther to the left while slightly twisting.",/Data/yash.bhardwaj/datasets/Retargeted100Style/RETARGETED_100STYLE/texts/035474.txt
M035474,robot_mechanical,"a person, while standing, rubs their stomach with their left arm.",/Data/yash.bhardwaj/datasets/Retargeted100Style/RETARGETED_100STYLE/texts/M035474.txt
035475,robot_mechanical,a person does the macarena dance motions and then turns counter clockwise continuing the dance.,/Data/yash.bhardwaj/datasets/Retargeted100Style/RETARGETED_100STYLE/texts/035475.txt
M035475,robot_mechanical,"a person lifts both hands toward their face, and tilts their upper body backwards.",/Data/yash.bhardwaj/datasets/Retargeted100Style/RETARGETED_100STYLE/texts/M035475.txt
035476,robot_mechanical,a person turns around in a counter clockwise circle before stopping at their original position.,/Data/yash.bhardwaj/datasets/Retargeted100Style/RETARGETED_100STYLE/texts/035476.txt
M035476,robot_mechanical,a person turns around then walks forward oddly before turning around again.,/Data/yash.bhardwaj/datasets/Retargeted100Style/RETARGETED_100STYLE/texts/M035476.txt
035477,robot_mechanical,a person twisting side to side and spins clockwise to the left,/Data/yash.bhardwaj/datasets/Retargeted100Style/RETARGETED_100STYLE/texts/035477.txt
M035477,robot_mechanical,a person twisting side to side and spins clockwise to the left,/Data/yash.bhardwaj/datasets/Retargeted100Style/RETARGETED_100STYLE/texts/M035477.txt
035478,robot_mechanical,a person 19 degrees in a circle while standing still,/Data/yash.bhardwaj/datasets/Retargeted100Style/RETARGETED_100STYLE/texts/035478.txt
M035478,robot_mechanical,a person is moving his hands around in the air.,/Data/yash.bhardwaj/datasets/Retargeted100Style/RETARGETED_100STYLE/texts/M035478.txt
035479,robot_mechanical,"a person is standing with hands by tops of legs, hands are together but not touching. hands move clockwise motion to above the head. then hands move counterclockwise back down. person then launches into a run in a forward but to the left run.",/Data/yash.bhardwaj/datasets/Retargeted100Style/RETARGETED_100STYLE/texts/035479.txt
M035479,robot_mechanical,a person leans forward with their hands clasped together.,/Data/yash.bhardwaj/datasets/Retargeted100Style/RETARGETED_100STYLE/texts/M035479.txt
035480,robot_mechanical,a person looks as if they picked up an object and put it away,/Data/yash.bhardwaj/datasets/Retargeted100Style/RETARGETED_100STYLE/texts/035480.txt
M035480,robot_mechanical,a person doing the macarena dance.,/Data/yash.bhardwaj/datasets/Retargeted100Style/RETARGETED_100STYLE/texts/M035480.txt
035481,robot_mechanical,a person taps their left foot quickly and twitches their hands while sitting.,/Data/yash.bhardwaj/datasets/Retargeted100Style/RETARGETED_100STYLE/texts/035481.txt
M035481,robot_mechanical,a person makes a circular rubbing motion with their right hand.,/Data/yash.bhardwaj/datasets/Retargeted100Style/RETARGETED_100STYLE/texts/M035481.txt
035482,robot_mechanical,a person makes a circular rubbing motion with their left hand.,/Data/yash.bhardwaj/datasets/Retargeted100Style/RETARGETED_100STYLE/texts/035482.txt
M035482,robot_mechanical,a person raised the right hand,/Data/yash.bhardwaj/datasets/Retargeted100Style/RETARGETED_100STYLE/texts/M035482.txt
035483,robot_mechanical,a person rubs his hand down the front of his body.,/Data/yash.bhardwaj/datasets/Retargeted100Style/RETARGETED_100STYLE/texts/035483.txt
M035483,robot_mechanical,someone with their arms to their side walks one step front-left before stopping.,/Data/yash.bhardwaj/datasets/Retargeted100Style/RETARGETED_100STYLE/texts/M035483.txt
035484,robot_mechanical,"person has arms starting upward near the head and suddenly lets them drop, the right one dropping all of the way adn the left one dropping only halfway as it looks to be holding a cup or some item that is similar",/Data/yash.bhardwaj/datasets/Retargeted100Style/RETARGETED_100STYLE/texts/035484.txt
M035484,robot_mechanical,a person rubs his hand down the front of his body.,/Data/yash.bhardwaj/datasets/Retargeted100Style/RETARGETED_100STYLE/texts/M035484.txt
035485,robot_mechanical,the person moves their right hand around their chest in a clockwise circular motion and lets it fall to his side.,/Data/yash.bhardwaj/datasets/Retargeted100Style/RETARGETED_100STYLE/texts/035485.txt
M035485,robot_mechanical,the person is standing still with his arms crossed.,/Data/yash.bhardwaj/datasets/Retargeted100Style/RETARGETED_100STYLE/texts/M035485.txt
035486,robot_mechanical,a person rubs his hand down the front of his body.,/Data/yash.bhardwaj/datasets/Retargeted100Style/RETARGETED_100STYLE/texts/035486.txt
M035486,robot_mechanical,a person rubs his hand down the front of his body.,/Data/yash.bhardwaj/datasets/Retargeted100Style/RETARGETED_100STYLE/texts/M035486.txt
035487,robot_mechanical,a person quickly rubs their fingers together before lowering their arms and then raising their red arm to motion to somebody to stop.,/Data/yash.bhardwaj/datasets/Retargeted100Style/RETARGETED_100STYLE/texts/035487.txt
M035487,robot_mechanical,"person has arms starting upward near the head and suddenly lets them drop, the left one dropping all of the way adn the right one dropping only halfway as it looks to be holding a cup or some item that is similar",/Data/yash.bhardwaj/datasets/Retargeted100Style/RETARGETED_100STYLE/texts/M035487.txt
035488,robot_mechanical,the person is standing still and moves their left hand around as if to clean or dry something.,/Data/yash.bhardwaj/datasets/Retargeted100Style/RETARGETED_100STYLE/texts/035488.txt
M035488,robot_mechanical,a person adjusts his crotch with his left hand.,/Data/yash.bhardwaj/datasets/Retargeted100Style/RETARGETED_100STYLE/texts/M035488.txt
035489,robot_mechanical,the person is standing still and moves their left hand around as if to play drums.,/Data/yash.bhardwaj/datasets/Retargeted100Style/RETARGETED_100STYLE/texts/035489.txt
M035489,robot_mechanical,a person makes a circular rubbing motion with their right hand.,/Data/yash.bhardwaj/datasets/Retargeted100Style/RETARGETED_100STYLE/texts/M035489.txt
035490,robot_mechanical,a person makes a circular rubbing motion with their left hand.,/Data/yash.bhardwaj/datasets/Retargeted100Style/RETARGETED_100STYLE/texts/035490.txt
M035490,robot_mechanical,a person adjusts his crotch with his right hand.,/Data/yash.bhardwaj/datasets/Retargeted100Style/RETARGETED_100STYLE/texts/M035490.txt
035491,robot_mechanical,a person runs while sidestepping back and forth,/Data/yash.bhardwaj/datasets/Retargeted100Style/RETARGETED_100STYLE/texts/035491.txt
M035491,robot_mechanical,a person skips to the right then skips to the left then skips to the right again.,/Data/yash.bhardwaj/datasets/Retargeted100Style/RETARGETED_100STYLE/texts/M035491.txt
035492,robot_mechanical,a person is moving their hands around walking forward and backward and around.,/Data/yash.bhardwaj/datasets/Retargeted100Style/RETARGETED_100STYLE/texts/035492.txt
M035492,robot_mechanical,a person dances while moving their arms.,/Data/yash.bhardwaj/datasets/Retargeted100Style/RETARGETED_100STYLE/texts/M035492.txt
035493,robot_mechanical,a person is moving hands around walking forward and backward and around.,/Data/yash.bhardwaj/datasets/Retargeted100Style/RETARGETED_100STYLE/texts/035493.txt
M035493,robot_mechanical,"the person is moving sideways slowly almost as if crawling. when he reaches the end, he continues the way he started",/Data/yash.bhardwaj/datasets/Retargeted100Style/RETARGETED_100STYLE/texts/M035493.txt
035494,robot_mechanical,a person jogs in a counterclockwise circle with their hands bent in front of them moving forward and backwards.,/Data/yash.bhardwaj/datasets/Retargeted100Style/RETARGETED_100STYLE/texts/035494.txt
M035494,robot_mechanical,person runs straight ahead then walks back,/Data/yash.bhardwaj/datasets/Retargeted100Style/RETARGETED_100STYLE/texts/M035494.txt
035495,robot_mechanical,the person is walking like he’s drunk.,/Data/yash.bhardwaj/datasets/Retargeted100Style/RETARGETED_100STYLE/texts/035495.txt
M035495,robot_mechanical,a person dances while moving their arms.,/Data/yash.bhardwaj/datasets/Retargeted100Style/RETARGETED_100STYLE/texts/M035495.txt
035496,robot_mechanical,person runs straight ahead then walks back,/Data/yash.bhardwaj/datasets/Retargeted100Style/RETARGETED_100STYLE/texts/035496.txt
M035496,robot_mechanical,someone is dancing by kicking their legs foward and stepping back. they are also moving their arms back and forth.,/Data/yash.bhardwaj/datasets/Retargeted100Style/RETARGETED_100STYLE/texts/M035496.txt
035497,robot_mechanical,a person dances while moving their arms.,/Data/yash.bhardwaj/datasets/Retargeted100Style/RETARGETED_100STYLE/texts/035497.txt
M035497,robot_mechanical,person is walking in a circle,/Data/yash.bhardwaj/datasets/Retargeted100Style/RETARGETED_100STYLE/texts/M035497.txt
035498,robot_mechanical,a person dances while moving their arms.,/Data/yash.bhardwaj/datasets/Retargeted100Style/RETARGETED_100STYLE/texts/035498.txt
M035498,robot_mechanical,person runs straight ahead then walks back,/Data/yash.bhardwaj/datasets/Retargeted100Style/RETARGETED_100STYLE/texts/M035498.txt
035499,robot_mechanical,the person hops back and forth on each foot and moves their hands around.,/Data/yash.bhardwaj/datasets/Retargeted100Style/RETARGETED_100STYLE/texts/035499.txt
M035499,robot_mechanical,a person runs on the spot.,/Data/yash.bhardwaj/datasets/Retargeted100Style/RETARGETED_100STYLE/texts/M035499.txt
035500,robot_mechanical,a person bounces in places alternating feet.,/Data/yash.bhardwaj/datasets/Retargeted100Style/RETARGETED_100STYLE/texts/035500.txt
M035500,robot_mechanical,a person runs on the spot.,/Data/yash.bhardwaj/datasets/Retargeted100Style/RETARGETED_100STYLE/texts/M035500.txt
035501,robot_mechanical,a person slides to the right and then waves his hand.,/Data/yash.bhardwaj/datasets/Retargeted100Style/RETARGETED_100STYLE/texts/035501.txt
M035501,robot_mechanical,a person rocks side to side while holding their arms out in front of them,/Data/yash.bhardwaj/datasets/Retargeted100Style/RETARGETED_100STYLE/texts/M035501.txt
035502,robot_mechanical,the person was turning around.,/Data/yash.bhardwaj/datasets/Retargeted100Style/RETARGETED_100STYLE/texts/035502.txt
M035502,robot_mechanical,a person washes windows,/Data/yash.bhardwaj/datasets/Retargeted100Style/RETARGETED_100STYLE/texts/M035502.txt
035503,robot_mechanical,a person leans to the side and moves their hands around in front of their chest.,/Data/yash.bhardwaj/datasets/Retargeted100Style/RETARGETED_100STYLE/texts/035503.txt
M035503,robot_mechanical,a person slowly stumbles forward while holding his stomach,/Data/yash.bhardwaj/datasets/Retargeted100Style/RETARGETED_100STYLE/texts/M035503.txt
035504,robot_mechanical,a person nervously looks from side to side while holding their hands near their chest.,/Data/yash.bhardwaj/datasets/Retargeted100Style/RETARGETED_100STYLE/texts/035504.txt
M035504,robot_mechanical,a person slowly stumbles forward while holding his stomach,/Data/yash.bhardwaj/datasets/Retargeted100Style/RETARGETED_100STYLE/texts/M035504.txt
035505,robot_mechanical,a person starts walking in anti clockwise direction and starts running and stops.,/Data/yash.bhardwaj/datasets/Retargeted100Style/RETARGETED_100STYLE/texts/035505.txt
M035505,robot_mechanical,a person leans forward and claps their hand to their mouth to cough.,/Data/yash.bhardwaj/datasets/Retargeted100Style/RETARGETED_100STYLE/texts/M035505.txt
035506,robot_mechanical,a person grabbed something and lean in near to face,/Data/yash.bhardwaj/datasets/Retargeted100Style/RETARGETED_100STYLE/texts/035506.txt
M035506,robot_mechanical,a person looks around while walking in a counterclockwise circle.,/Data/yash.bhardwaj/datasets/Retargeted100Style/RETARGETED_100STYLE/texts/M035506.txt
035507,robot_mechanical,a person grabbed something and put it somewhere,/Data/yash.bhardwaj/datasets/Retargeted100Style/RETARGETED_100STYLE/texts/035507.txt
M035507,robot_mechanical,hand shake with left hand.,/Data/yash.bhardwaj/datasets/Retargeted100Style/RETARGETED_100STYLE/texts/M035507.txt
035508,robot_mechanical,a person doing the dancing in the rain dance.,/Data/yash.bhardwaj/datasets/Retargeted100Style/RETARGETED_100STYLE/texts/035508.txt
M035508,robot_mechanical,a person grabbed something and lean in near to face,/Data/yash.bhardwaj/datasets/Retargeted100Style/RETARGETED_100STYLE/texts/M035508.txt
035509,robot_mechanical,"a person moves their hands out in front of them 2 times each starting with the right hand and moving to the left, this action is repeated for the duration of the video.",/Data/yash.bhardwaj/datasets/Retargeted100Style/RETARGETED_100STYLE/texts/035509.txt
M035509,robot_mechanical,"a person bends down and grabs something with their left arm, turns around and walks a few feet, then uses the item on something.",/Data/yash.bhardwaj/datasets/Retargeted100Style/RETARGETED_100STYLE/texts/M035509.txt
035510,robot_mechanical,"a person lunges forward and jumps off of their right foot into the air, and then stays suspended in the air",/Data/yash.bhardwaj/datasets/Retargeted100Style/RETARGETED_100STYLE/texts/035510.txt
M035510,robot_mechanical,the person was just doing a speech and then he lean forward.,/Data/yash.bhardwaj/datasets/Retargeted100Style/RETARGETED_100STYLE/texts/M035510.txt
035511,robot_mechanical,a person holds something in their right arm and strokes it with their left hand.,/Data/yash.bhardwaj/datasets/Retargeted100Style/RETARGETED_100STYLE/texts/035511.txt
M035511,robot_mechanical,a person slowly turns forward and turns around.,/Data/yash.bhardwaj/datasets/Retargeted100Style/RETARGETED_100STYLE/texts/M035511.txt
035512,robot_mechanical,"a person holds their hands out in front of them, and makes short, rapid chopping motions with their right hand,",/Data/yash.bhardwaj/datasets/Retargeted100Style/RETARGETED_100STYLE/texts/035512.txt
M035512,robot_mechanical,moving arms up and down near chest.,/Data/yash.bhardwaj/datasets/Retargeted100Style/RETARGETED_100STYLE/texts/M035512.txt
035513,robot_mechanical,a person frames their mouth like they are holding a discocular.,/Data/yash.bhardwaj/datasets/Retargeted100Style/RETARGETED_100STYLE/texts/035513.txt
M035513,robot_mechanical,"a person leans to their left, then claps their hands together out and to the left as if to squish a bug",/Data/yash.bhardwaj/datasets/Retargeted100Style/RETARGETED_100STYLE/texts/M035513.txt
035514,robot_mechanical,"a person is dancing by bending back, putting their arms out in front of them, and then jumping and turning to repeat the dance.",/Data/yash.bhardwaj/datasets/Retargeted100Style/RETARGETED_100STYLE/texts/035514.txt
M035514,robot_mechanical,a person seems to be dancing with their arms as if they were a clown or doing an act,/Data/yash.bhardwaj/datasets/Retargeted100Style/RETARGETED_100STYLE/texts/M035514.txt
035515,robot_mechanical,a person dancing in the style of waltz,/Data/yash.bhardwaj/datasets/Retargeted100Style/RETARGETED_100STYLE/texts/035515.txt
M035515,robot_mechanical,a person dances while moving their arms.,/Data/yash.bhardwaj/datasets/Retargeted100Style/RETARGETED_100STYLE/texts/M035515.txt
035516,robot_mechanical,"a person dances by swaying their hips, moving their arms up and down, and by stepping forward, backward, and turning",/Data/yash.bhardwaj/datasets/Retargeted100Style/RETARGETED_100STYLE/texts/035516.txt
M035516,robot_mechanical,a person dances while moving their arms.,/Data/yash.bhardwaj/datasets/Retargeted100Style/RETARGETED_100STYLE/texts/M035516.txt
035517,robot_mechanical,the person is doing a macarena dance.,/Data/yash.bhardwaj/datasets/Retargeted100Style/RETARGETED_100STYLE/texts/035517.txt
M035517,robot_mechanical,"a person turns to his left, grabs a broom and begins pushing the broom.",/Data/yash.bhardwaj/datasets/Retargeted100Style/RETARGETED_100STYLE/texts/M035517.txt
035518,robot_mechanical,"a person appears to be boxing the air and then walks forward and back,.",/Data/yash.bhardwaj/datasets/Retargeted100Style/RETARGETED_100STYLE/texts/035518.txt
M035518,robot_mechanical,a person shifts their weight from foot to foot while making punching motions with one arm at a time.,/Data/yash.bhardwaj/datasets/Retargeted100Style/RETARGETED_100STYLE/texts/M035518.txt
035519,robot_mechanical,a person dances around the room,/Data/yash.bhardwaj/datasets/Retargeted100Style/RETARGETED_100STYLE/texts/035519.txt
M035519,robot_mechanical,a person dances with a partner.,/Data/yash.bhardwaj/datasets/Retargeted100Style/RETARGETED_100STYLE/texts/M035519.txt
035520,robot_mechanical,a person hops in place while putting their arms out.,/Data/yash.bhardwaj/datasets/Retargeted100Style/RETARGETED_100STYLE/texts/035520.txt
M035520,robot_mechanical,"a person leans on their right foot and rotates their left shoulder back, looking up and to the left.",/Data/yash.bhardwaj/datasets/Retargeted100Style/RETARGETED_100STYLE/texts/M035520.txt
036361,robot_mechanical,"a person walks backwards, turns around then walks backwards again.",/Data/yash.bhardwaj/datasets/Retargeted100Style/RETARGETED_100STYLE/texts/036361.txt
M036361,robot_mechanical,the person is walking backwards.,/Data/yash.bhardwaj/datasets/Retargeted100Style/RETARGETED_100STYLE/texts/M036361.txt
036362,robot_mechanical,running in a circle.,/Data/yash.bhardwaj/datasets/Retargeted100Style/RETARGETED_100STYLE/texts/036362.txt
M036362,robot_mechanical,"a person walks backwards several steps, turns around, walks backwards again, turns around and begins walking backwards, then stops.",/Data/yash.bhardwaj/datasets/Retargeted100Style/RETARGETED_100STYLE/texts/M036362.txt
036363,robot_mechanical,"a person walks backwards, turns around then walks backwards again.",/Data/yash.bhardwaj/datasets/Retargeted100Style/RETARGETED_100STYLE/texts/036363.txt
M036363,robot_mechanical,a person slowly moved in left and right direction,/Data/yash.bhardwaj/datasets/Retargeted100Style/RETARGETED_100STYLE/texts/M036363.txt
036364,robot_mechanical,the person is walking back-and-forth sideways.,/Data/yash.bhardwaj/datasets/Retargeted100Style/RETARGETED_100STYLE/texts/036364.txt
M036364,robot_mechanical,"a person walks backwards, turns around then walks backwards again.",/Data/yash.bhardwaj/datasets/Retargeted100Style/RETARGETED_100STYLE/texts/M036364.txt
036365,robot_mechanical,"a person walks backwards several steps, turns around, walks backwards again, turns around and begins walking backwards, then stops.",/Data/yash.bhardwaj/datasets/Retargeted100Style/RETARGETED_100STYLE/texts/036365.txt
M036365,robot_mechanical,"a person walks backwards several steps, turns around, walks backwards again, turns around and begins walking backwards, then stops.",/Data/yash.bhardwaj/datasets/Retargeted100Style/RETARGETED_100STYLE/texts/M036365.txt
036366,robot_mechanical,"with his elbows raised and flared to the sides, a person moves his hands from above his head down to his sides.",/Data/yash.bhardwaj/datasets/Retargeted100Style/RETARGETED_100STYLE/texts/036366.txt
M036366,robot_mechanical,"a person walks in a counterclockwise circle, then twists their torso",/Data/yash.bhardwaj/datasets/Retargeted100Style/RETARGETED_100STYLE/texts/M036366.txt
036367,robot_mechanical,a person walks backwards in a counter clockwise motion.,/Data/yash.bhardwaj/datasets/Retargeted100Style/RETARGETED_100STYLE/texts/036367.txt
M036367,robot_mechanical,a person walks backwards in a counter counterclockwise circle.,/Data/yash.bhardwaj/datasets/Retargeted100Style/RETARGETED_100STYLE/texts/M036367.txt
036368,robot_mechanical,a person walks backwards in a clockwise circle while using their arms to balance by keeping them outstretched at their side.,/Data/yash.bhardwaj/datasets/Retargeted100Style/RETARGETED_100STYLE/texts/036368.txt
M036368,robot_mechanical,"a person walks backwards several steps, turns around, walks backwards again, turns around and begins walking backwards, then stops.",/Data/yash.bhardwaj/datasets/Retargeted100Style/RETARGETED_100STYLE/texts/M036368.txt
036369,robot_mechanical,"a person walks backwards several steps, turns around, walks backwards again, turns around and begins walking backwards, then stops.",/Data/yash.bhardwaj/datasets/Retargeted100Style/RETARGETED_100STYLE/texts/036369.txt
M036369,robot_mechanical,"a person walks backwards several steps, turns around, walks backwards again, turns around and begins walking backwards, then stops.",/Data/yash.bhardwaj/datasets/Retargeted100Style/RETARGETED_100STYLE/texts/M036369.txt
036370,robot_mechanical,the man is walking in counterclockwise,/Data/yash.bhardwaj/datasets/Retargeted100Style/RETARGETED_100STYLE/texts/036370.txt
M036370,robot_mechanical,"a person turns to their left, then to their right, then back to their original position and walks sideways for a few steps.",/Data/yash.bhardwaj/datasets/Retargeted100Style/RETARGETED_100STYLE/texts/M036370.txt
036371,robot_mechanical,"a person walks backwards, turns around then walks backwards again.",/Data/yash.bhardwaj/datasets/Retargeted100Style/RETARGETED_100STYLE/texts/036371.txt
M036371,robot_mechanical,"a person walks backwards, then turns around and walks backwards again in a counterclockwise circle.",/Data/yash.bhardwaj/datasets/Retargeted100Style/RETARGETED_100STYLE/texts/M036371.txt
036372,robot_mechanical,"a person turns around, backs up slightly, walks forward several steps, turns around and walks halfway back.",/Data/yash.bhardwaj/datasets/Retargeted100Style/RETARGETED_100STYLE/texts/036372.txt
M036372,robot_mechanical,someone is dancing the cha-cha.,/Data/yash.bhardwaj/datasets/Retargeted100Style/RETARGETED_100STYLE/texts/M036372.txt
036373,robot_mechanical,person is walking slowly on a treadmill.,/Data/yash.bhardwaj/datasets/Retargeted100Style/RETARGETED_100STYLE/texts/036373.txt
M036373,robot_mechanical,a person walks around in a circle.,/Data/yash.bhardwaj/datasets/Retargeted100Style/RETARGETED_100STYLE/texts/M036373.txt
036374,robot_mechanical,a person turns around and begins running forward and then turn back around,/Data/yash.bhardwaj/datasets/Retargeted100Style/RETARGETED_100STYLE/texts/036374.txt
M036374,robot_mechanical,a person is dancing the cha cha.,/Data/yash.bhardwaj/datasets/Retargeted100Style/RETARGETED_100STYLE/texts/M036374.txt
036375,robot_mechanical,a person walks backwards in a straight line,/Data/yash.bhardwaj/datasets/Retargeted100Style/RETARGETED_100STYLE/texts/036375.txt
M036375,robot_mechanical,"a person takes a step backwards with their right foot, then performs a kick, kicking out forward with that foot. he raises his arms up to around chest height as he does the kick. after the end of the kick, he puts his arms down, back to resting position, and steps backward with the right foot again.",/Data/yash.bhardwaj/datasets/Retargeted100Style/RETARGETED_100STYLE/texts/M036375.txt
036376,robot_mechanical,"a person walks backwards slowly, bent forwards.",/Data/yash.bhardwaj/datasets/Retargeted100Style/RETARGETED_100STYLE/texts/036376.txt
M036376,robot_mechanical,"a person takes a step backwards with their left foot, then performs a kick, kicking out forward with that foot. he raises his arms up to around chest height as he does the kick. after the end of the kick, he puts his arms down, back to resting position, and steps backward with the left foot again.",/Data/yash.bhardwaj/datasets/Retargeted100Style/RETARGETED_100STYLE/texts/M036376.txt
036377,robot_mechanical,a person turns to the left and then shifts his body to the right.,/Data/yash.bhardwaj/datasets/Retargeted100Style/RETARGETED_100STYLE/texts/036377.txt
M036377,robot_mechanical,a person turns to the right and then shifts his body to the left.,/Data/yash.bhardwaj/datasets/Retargeted100Style/RETARGETED_100STYLE/texts/M036377.txt
036378,robot_mechanical,"a person walks backwards, then twists his body to the right and then to the left.",/Data/yash.bhardwaj/datasets/Retargeted100Style/RETARGETED_100STYLE/texts/036378.txt
M036378,robot_mechanical,"a person turns around, then walks forward and puts something down.",/Data/yash.bhardwaj/datasets/Retargeted100Style/RETARGETED_100STYLE/texts/M036378.txt
036379,robot_mechanical,a person walks backwards and then stops.,/Data/yash.bhardwaj/datasets/Retargeted100Style/RETARGETED_100STYLE/texts/036379.txt
M036379,robot_mechanical,"a person takes 2 steps forward, turns around to the right and takes 2 steps back",/Data/yash.bhardwaj/datasets/Retargeted100Style/RETARGETED_100STYLE/texts/M036379.txt
036380,robot_mechanical,"a person walks backwards, then moves forward and kicks out with his left leg.",/Data/yash.bhardwaj/datasets/Retargeted100Style/RETARGETED_100STYLE/texts/036380.txt
M036380,robot_mechanical,"a person walks backwards slowly, bent forwards.",/Data/yash.bhardwaj/datasets/Retargeted100Style/RETARGETED_100STYLE/texts/M036380.txt
036381,robot_mechanical,"a person takes several steps forward with a slight limp, turns around, and lightly jogs back to their beginning position.",/Data/yash.bhardwaj/datasets/Retargeted100Style/RETARGETED_100STYLE/texts/036381.txt
M036381,robot_mechanical,"a person walks forwards and turns around and walks back, pacing the same line as if they where stressed in a room.",/Data/yash.bhardwaj/datasets/Retargeted100Style/RETARGETED_100STYLE/texts/M036381.txt
036382,robot_mechanical,a person walks in a counterclockwise circle twice,/Data/yash.bhardwaj/datasets/Retargeted100Style/RETARGETED_100STYLE/texts/036382.txt
M036382,robot_mechanical,a person walks in a clockwise circle.,/Data/yash.bhardwaj/datasets/Retargeted100Style/RETARGETED_100STYLE/texts/M036382.txt
036383,robot_mechanical,a person walks slowly in a circle pattern.,/Data/yash.bhardwaj/datasets/Retargeted100Style/RETARGETED_100STYLE/texts/036383.txt
M036383,robot_mechanical,a person walks slowly in a circle pattern.,/Data/yash.bhardwaj/datasets/Retargeted100Style/RETARGETED_100STYLE/texts/M036383.txt
036384,robot_mechanical,a person slowly walking while making a circle,/Data/yash.bhardwaj/datasets/Retargeted100Style/RETARGETED_100STYLE/texts/036384.txt
M036384,robot_mechanical,a person jogs in a clockwise circle two and a quarter times.,/Data/yash.bhardwaj/datasets/Retargeted100Style/RETARGETED_100STYLE/texts/M036384.txt
036385,robot_mechanical,"a person walks slowly, injured.",/Data/yash.bhardwaj/datasets/Retargeted100Style/RETARGETED_100STYLE/texts/036385.txt
M036385,robot_mechanical,a person walks slowly in a circle pattern.,/Data/yash.bhardwaj/datasets/Retargeted100Style/RETARGETED_100STYLE/texts/M036385.txt
036386,robot_mechanical,a person is walking in a counterclockwise circle exhaustedly.,/Data/yash.bhardwaj/datasets/Retargeted100Style/RETARGETED_100STYLE/texts/036386.txt
M036386,robot_mechanical,a person walks slowly in a circle pattern.,/Data/yash.bhardwaj/datasets/Retargeted100Style/RETARGETED_100STYLE/texts/M036386.txt
036387,robot_mechanical,a person jogs in a clockwise circle.,/Data/yash.bhardwaj/datasets/Retargeted100Style/RETARGETED_100STYLE/texts/036387.txt
M036387,robot_mechanical,a person walks in a counterclockwise circle.,/Data/yash.bhardwaj/datasets/Retargeted100Style/RETARGETED_100STYLE/texts/M036387.txt
036388,robot_mechanical,a person walks forward then turns around and walks back.,/Data/yash.bhardwaj/datasets/Retargeted100Style/RETARGETED_100STYLE/texts/036388.txt
M036388,robot_mechanical,"a person walks forward slightly hunched, dragging their leg almost as though they are injured",/Data/yash.bhardwaj/datasets/Retargeted100Style/RETARGETED_100STYLE/texts/M036388.txt
036389,robot_mechanical,walking in a diagonal line then back.,/Data/yash.bhardwaj/datasets/Retargeted100Style/RETARGETED_100STYLE/texts/036389.txt
M036389,robot_mechanical,"a person walks sideways to the left, and then back to right",/Data/yash.bhardwaj/datasets/Retargeted100Style/RETARGETED_100STYLE/texts/M036389.txt
036390,robot_mechanical,"a person walks in a oval shape, then stomps their foot.",/Data/yash.bhardwaj/datasets/Retargeted100Style/RETARGETED_100STYLE/texts/036390.txt
M036390,robot_mechanical,a person walks in a circle clockwise.,/Data/yash.bhardwaj/datasets/Retargeted100Style/RETARGETED_100STYLE/texts/M036390.txt
036391,robot_mechanical,a person walks forward very slowly.,/Data/yash.bhardwaj/datasets/Retargeted100Style/RETARGETED_100STYLE/texts/036391.txt
M036391,robot_mechanical,"a man walks forward a few steps, turns around, sits on something, then stands back up and resumes walking.",/Data/yash.bhardwaj/datasets/Retargeted100Style/RETARGETED_100STYLE/texts/M036391.txt
036392,robot_mechanical,"a person walks forward, turns around, and then walks back to origin.",/Data/yash.bhardwaj/datasets/Retargeted100Style/RETARGETED_100STYLE/texts/036392.txt
M036392,robot_mechanical,a person walks forward very slowly.,/Data/yash.bhardwaj/datasets/Retargeted100Style/RETARGETED_100STYLE/texts/M036392.txt
036393,robot_mechanical,"a man walks, turns around, walks straight ahead, does a 360 then walks foward then backwards",/Data/yash.bhardwaj/datasets/Retargeted100Style/RETARGETED_100STYLE/texts/036393.txt
M036393,robot_mechanical,"a man walks, turns around, then walks straight ahead, before turning around again.",/Data/yash.bhardwaj/datasets/Retargeted100Style/RETARGETED_100STYLE/texts/M036393.txt
036394,robot_mechanical,"this person steps foot over foot, turns to left and walks briskly.",/Data/yash.bhardwaj/datasets/Retargeted100Style/RETARGETED_100STYLE/texts/036394.txt
M036394,robot_mechanical,"a person walks sideways, then walks confidently in a diagonal line.",/Data/yash.bhardwaj/datasets/Retargeted100Style/RETARGETED_100STYLE/texts/M036394.txt
036395,robot_mechanical,"a person walks forward, turns around and walks back.",/Data/yash.bhardwaj/datasets/Retargeted100Style/RETARGETED_100STYLE/texts/036395.txt
M036395,robot_mechanical,"a person walks forward, turns around, and then walks back to origin.",/Data/yash.bhardwaj/datasets/Retargeted100Style/RETARGETED_100STYLE/texts/M036395.txt
036396,robot_mechanical,a person slowly walked forward in right direction and return in left direction,/Data/yash.bhardwaj/datasets/Retargeted100Style/RETARGETED_100STYLE/texts/036396.txt
M036396,robot_mechanical,"a man side steps to the left, then side steps to the right, then side steps to the left.",/Data/yash.bhardwaj/datasets/Retargeted100Style/RETARGETED_100STYLE/texts/M036396.txt
036397,robot_mechanical,the person is walking back and forth.,/Data/yash.bhardwaj/datasets/Retargeted100Style/RETARGETED_100STYLE/texts/036397.txt
M036397,robot_mechanical,"this person slowly walks to the left, turns and walks back to the right.",/Data/yash.bhardwaj/datasets/Retargeted100Style/RETARGETED_100STYLE/texts/M036397.txt
036398,robot_mechanical,a man walks first to the left backwards then forward to the left while both of its arms are straight up ahead.,/Data/yash.bhardwaj/datasets/Retargeted100Style/RETARGETED_100STYLE/texts/036398.txt
M036398,robot_mechanical,a person walks forward very slowly.,/Data/yash.bhardwaj/datasets/Retargeted100Style/RETARGETED_100STYLE/texts/M036398.txt
036399,robot_mechanical,"a person walks sideways, then walks confidently in a diagonal line.",/Data/yash.bhardwaj/datasets/Retargeted100Style/RETARGETED_100STYLE/texts/036399.txt
M036399,robot_mechanical,"a person walks sideways, then walks confidently in a diagonal line.",/Data/yash.bhardwaj/datasets/Retargeted100Style/RETARGETED_100STYLE/texts/M036399.txt
036400,robot_mechanical,"a person walks forwards slowly, turns and walks back slowly.",/Data/yash.bhardwaj/datasets/Retargeted100Style/RETARGETED_100STYLE/texts/036400.txt
M036400,robot_mechanical,"this person steps foot over foot, turns to left and walks briskly.",/Data/yash.bhardwaj/datasets/Retargeted100Style/RETARGETED_100STYLE/texts/M036400.txt
036401,robot_mechanical,a person raises their right arm and waves.,/Data/yash.bhardwaj/datasets/Retargeted100Style/RETARGETED_100STYLE/texts/036401.txt
M036401,robot_mechanical,a person who seems to be lifting a dumbbell with their left hand,/Data/yash.bhardwaj/datasets/Retargeted100Style/RETARGETED_100STYLE/texts/M036401.txt
036402,robot_mechanical,"a person raises their left arm and brings it down forcefully in front of them, making a downwards slapping motion.",/Data/yash.bhardwaj/datasets/Retargeted100Style/RETARGETED_100STYLE/texts/036402.txt
M036402,robot_mechanical,a person crosses their arms,/Data/yash.bhardwaj/datasets/Retargeted100Style/RETARGETED_100STYLE/texts/M036402.txt
036403,robot_mechanical,a person raises their right arm and waves.,/Data/yash.bhardwaj/datasets/Retargeted100Style/RETARGETED_100STYLE/texts/036403.txt
M036403,robot_mechanical,a person crosses their arms,/Data/yash.bhardwaj/datasets/Retargeted100Style/RETARGETED_100STYLE/texts/M036403.txt
036404,robot_mechanical,a person raising their right hand.,/Data/yash.bhardwaj/datasets/Retargeted100Style/RETARGETED_100STYLE/texts/036404.txt
M036404,robot_mechanical,"a person raises their arms and crosses them across their chest, and then lets their arms fall back to their side.",/Data/yash.bhardwaj/datasets/Retargeted100Style/RETARGETED_100STYLE/texts/M036404.txt
036405,robot_mechanical,a person crosses their arms,/Data/yash.bhardwaj/datasets/Retargeted100Style/RETARGETED_100STYLE/texts/036405.txt
M036405,robot_mechanical,the person is standing still and then takes a step forward to the right diagonally,/Data/yash.bhardwaj/datasets/Retargeted100Style/RETARGETED_100STYLE/texts/M036405.txt
036406,robot_mechanical,a person raising their right hand.,/Data/yash.bhardwaj/datasets/Retargeted100Style/RETARGETED_100STYLE/texts/036406.txt
M036406,robot_mechanical,a person crosses their arms,/Data/yash.bhardwaj/datasets/Retargeted100Style/RETARGETED_100STYLE/texts/M036406.txt
036407,robot_mechanical,a person raises their left arm and waves.,/Data/yash.bhardwaj/datasets/Retargeted100Style/RETARGETED_100STYLE/texts/036407.txt
M036407,robot_mechanical,a person checks their watch.,/Data/yash.bhardwaj/datasets/Retargeted100Style/RETARGETED_100STYLE/texts/M036407.txt
036408,robot_mechanical,a person quickly folds their arms while standing up,/Data/yash.bhardwaj/datasets/Retargeted100Style/RETARGETED_100STYLE/texts/036408.txt
M036408,robot_mechanical,the person put his arms up in his shoulder level bend and stretch to the back and front three times and stop.,/Data/yash.bhardwaj/datasets/Retargeted100Style/RETARGETED_100STYLE/texts/M036408.txt
036409,robot_mechanical,a person crosses their arms,/Data/yash.bhardwaj/datasets/Retargeted100Style/RETARGETED_100STYLE/texts/036409.txt
M036409,robot_mechanical,a person raises their right arm and waves.,/Data/yash.bhardwaj/datasets/Retargeted100Style/RETARGETED_100STYLE/texts/M036409.txt
036410,robot_mechanical,a person moves their right hand in a clockwise horizontal circle,/Data/yash.bhardwaj/datasets/Retargeted100Style/RETARGETED_100STYLE/texts/036410.txt
M036410,robot_mechanical,a person raises their left arm and waves.,/Data/yash.bhardwaj/datasets/Retargeted100Style/RETARGETED_100STYLE/texts/M036410.txt
036411,robot_mechanical,"a man sidesteps energetically to his left, then again to his right, then steps back and stops in a standing position.",/Data/yash.bhardwaj/datasets/Retargeted100Style/RETARGETED_100STYLE/texts/036411.txt
M036411,robot_mechanical,"a person side-steps to the right for a few steps, then side steps to the left for a couple of steps, then goes right and left, then walks to the right.",/Data/yash.bhardwaj/datasets/Retargeted100Style/RETARGETED_100STYLE/texts/M036411.txt
036412,robot_mechanical,a person is doing the conga,/Data/yash.bhardwaj/datasets/Retargeted100Style/RETARGETED_100STYLE/texts/036412.txt
M036412,robot_mechanical,person is walking on uneven terrain.,/Data/yash.bhardwaj/datasets/Retargeted100Style/RETARGETED_100STYLE/texts/M036412.txt
036413,robot_mechanical,a person slowly walking forward while holding on to the handrails.,/Data/yash.bhardwaj/datasets/Retargeted100Style/RETARGETED_100STYLE/texts/036413.txt
M036413,robot_mechanical,a man takes a step back and takes a jump,/Data/yash.bhardwaj/datasets/Retargeted100Style/RETARGETED_100STYLE/texts/M036413.txt
036414,robot_mechanical,a person is walking sideways with their arms out and hunched down.,/Data/yash.bhardwaj/datasets/Retargeted100Style/RETARGETED_100STYLE/texts/036414.txt
M036414,robot_mechanical,a person is walking sideways with their arms out and hunched down.,/Data/yash.bhardwaj/datasets/Retargeted100Style/RETARGETED_100STYLE/texts/M036414.txt
036415,robot_mechanical,person is walking and jumping around.,/Data/yash.bhardwaj/datasets/Retargeted100Style/RETARGETED_100STYLE/texts/036415.txt
M036415,robot_mechanical,a person walks in a counterclockwise circle while turning in different directions as if disoriented.,/Data/yash.bhardwaj/datasets/Retargeted100Style/RETARGETED_100STYLE/texts/M036415.txt
036416,robot_mechanical,a person is walking sideways with their arms out and hunched down.,/Data/yash.bhardwaj/datasets/Retargeted100Style/RETARGETED_100STYLE/texts/036416.txt
M036416,robot_mechanical,a person walks sideways to the left for a few steps and then walks sideways to the right for a further distance,/Data/yash.bhardwaj/datasets/Retargeted100Style/RETARGETED_100STYLE/texts/M036416.txt
036417,robot_mechanical,person staggers from front to their left and puts out left arm for stability,/Data/yash.bhardwaj/datasets/Retargeted100Style/RETARGETED_100STYLE/texts/036417.txt
M036417,robot_mechanical,a person dances while moving their arms.,/Data/yash.bhardwaj/datasets/Retargeted100Style/RETARGETED_100STYLE/texts/M036417.txt
036418,robot_mechanical,a person walks in a counterclockwise circle while turning in different directions as if disoriented.,/Data/yash.bhardwaj/datasets/Retargeted100Style/RETARGETED_100STYLE/texts/036418.txt
M036418,robot_mechanical,"a person walks forwards, then gets pushed to the right, they recover and walk to their left.",/Data/yash.bhardwaj/datasets/Retargeted100Style/RETARGETED_100STYLE/texts/M036418.txt
036419,robot_mechanical,the person is jogging back-and-forth from left to right.,/Data/yash.bhardwaj/datasets/Retargeted100Style/RETARGETED_100STYLE/texts/036419.txt
M036419,robot_mechanical,"a person walks sideways to the right, stops, then walks sideways to the left.",/Data/yash.bhardwaj/datasets/Retargeted100Style/RETARGETED_100STYLE/texts/M036419.txt
036420,robot_mechanical,a person shuffles to the left and then right,/Data/yash.bhardwaj/datasets/Retargeted100Style/RETARGETED_100STYLE/texts/036420.txt
M036420,robot_mechanical,a person shuffles to his right and then back to his right,/Data/yash.bhardwaj/datasets/Retargeted100Style/RETARGETED_100STYLE/texts/M036420.txt
036421,robot_mechanical,a person walks sideways to the left for a few steps and then walks sideways to the right for a further distance,/Data/yash.bhardwaj/datasets/Retargeted100Style/RETARGETED_100STYLE/texts/036421.txt
M036421,robot_mechanical,a person walks sideways to the left for a few steps and then walks sideways to the right for a further distance,/Data/yash.bhardwaj/datasets/Retargeted100Style/RETARGETED_100STYLE/texts/M036421.txt
036422,robot_mechanical,a person walks sideways from left to right and then back again.,/Data/yash.bhardwaj/datasets/Retargeted100Style/RETARGETED_100STYLE/texts/036422.txt
M036422,robot_mechanical,"a person turns around, then walks forward and puts something down.",/Data/yash.bhardwaj/datasets/Retargeted100Style/RETARGETED_100STYLE/texts/M036422.txt
036423,robot_mechanical,a person slowly takes 6 steps forward one foot after another while trying to keep their balance.,/Data/yash.bhardwaj/datasets/Retargeted100Style/RETARGETED_100STYLE/texts/036423.txt
M036423,robot_mechanical,"a person walks sideways, then walks confidently in a diagonal line.",/Data/yash.bhardwaj/datasets/Retargeted100Style/RETARGETED_100STYLE/texts/M036423.txt
036424,robot_mechanical,"a man turns to his left, then goes down onto a crawl, moving around on his hands and feet, turning once.",/Data/yash.bhardwaj/datasets/Retargeted100Style/RETARGETED_100STYLE/texts/036424.txt
M036424,robot_mechanical,a man makes one step backward and turns to the right side and then moves his left foot right and left.,/Data/yash.bhardwaj/datasets/Retargeted100Style/RETARGETED_100STYLE/texts/M036424.txt
036425,robot_mechanical,a person walks sideways to the right then turns around and walks back to their original position,/Data/yash.bhardwaj/datasets/Retargeted100Style/RETARGETED_100STYLE/texts/036425.txt
M036425,robot_mechanical,a person walks sideways leading with the left leg then followed by the right leg.,/Data/yash.bhardwaj/datasets/Retargeted100Style/RETARGETED_100STYLE/texts/M036425.txt
036426,robot_mechanical,"a person walks sideways, then walks confidently in a diagonal line.",/Data/yash.bhardwaj/datasets/Retargeted100Style/RETARGETED_100STYLE/texts/036426.txt
M036426,robot_mechanical,a person walking in a circle clockwise.,/Data/yash.bhardwaj/datasets/Retargeted100Style/RETARGETED_100STYLE/texts/M036426.txt
036427,robot_mechanical,a person walking in a diagonal line from right to left in a shy motion and doing a 180 degree turn at the end.,/Data/yash.bhardwaj/datasets/Retargeted100Style/RETARGETED_100STYLE/texts/036427.txt
M036427,robot_mechanical,"a person steps sideways, crosses over their legs, then repeats the actions moving in the opposite direction",/Data/yash.bhardwaj/datasets/Retargeted100Style/RETARGETED_100STYLE/texts/M036427.txt
036428,robot_mechanical,a person is looking around slowly.,/Data/yash.bhardwaj/datasets/Retargeted100Style/RETARGETED_100STYLE/texts/036428.txt
M036428,robot_mechanical,"a man steps side to side, touches his head with his right hand, and then turns around and walks away.",/Data/yash.bhardwaj/datasets/Retargeted100Style/RETARGETED_100STYLE/texts/M036428.txt
036429,robot_mechanical,"a person is walking in a circle clockwise, then starts to sprint halfway through",/Data/yash.bhardwaj/datasets/Retargeted100Style/RETARGETED_100STYLE/texts/036429.txt
M036429,robot_mechanical,"a person walks sideways, then twists their torso to the right, then brings sideways, then turns right, then left",/Data/yash.bhardwaj/datasets/Retargeted100Style/RETARGETED_100STYLE/texts/M036429.txt
036430,robot_mechanical,a person grabs their left leg and then their right leg.,/Data/yash.bhardwaj/datasets/Retargeted100Style/RETARGETED_100STYLE/texts/036430.txt
M036430,robot_mechanical,a person steps sideways to their left before stepping sideways to their right.,/Data/yash.bhardwaj/datasets/Retargeted100Style/RETARGETED_100STYLE/texts/M036430.txt
036431,robot_mechanical,"a person walks forward, turns around and walks back.",/Data/yash.bhardwaj/datasets/Retargeted100Style/RETARGETED_100STYLE/texts/036431.txt
M036431,robot_mechanical,a person walks forward very slowly.,/Data/yash.bhardwaj/datasets/Retargeted100Style/RETARGETED_100STYLE/texts/M036431.txt
036432,robot_mechanical,a person walks sideways to the left.,/Data/yash.bhardwaj/datasets/Retargeted100Style/RETARGETED_100STYLE/texts/036432.txt
M036432,robot_mechanical,the figure appears to be ballroom dancing by themselves noteably their hands aren't up as if to indicate a partner and their neck is downturned to look at their feet; they take steps that outline a square with their feet apart and then together then back and together before they turn out of the square and seem to be starting the patern again.,/Data/yash.bhardwaj/datasets/Retargeted100Style/RETARGETED_100STYLE/texts/M036432.txt
036433,robot_mechanical,"a person walks sideways to the left, stops, then walks sideways to the right.",/Data/yash.bhardwaj/datasets/Retargeted100Style/RETARGETED_100STYLE/texts/036433.txt
M036433,robot_mechanical,the person is walking forward then backward turns and walks back to the side.,/Data/yash.bhardwaj/datasets/Retargeted100Style/RETARGETED_100STYLE/texts/M036433.txt
036434,robot_mechanical,"a man walks forward and then turns around and walks to the left before turning around and running,",/Data/yash.bhardwaj/datasets/Retargeted100Style/RETARGETED_100STYLE/texts/036434.txt
M036434,robot_mechanical,a man walks forward before turning around and walking back.,/Data/yash.bhardwaj/datasets/Retargeted100Style/RETARGETED_100STYLE/texts/M036434.txt
036435,robot_mechanical,"a person walks backwards, then walks forward again and raises their arms out to the side.",/Data/yash.bhardwaj/datasets/Retargeted100Style/RETARGETED_100STYLE/texts/036435.txt
M036435,robot_mechanical,"a person walks backwards, then forwards and while going forward they are pushed towards the right and crouch.",/Data/yash.bhardwaj/datasets/Retargeted100Style/RETARGETED_100STYLE/texts/M036435.txt
036436,robot_mechanical,"a person walks sideways to the left taking two steps before spinning counter clockwise, repetlats the steps moving to the right and spinning clockwise a total of four times.",/Data/yash.bhardwaj/datasets/Retargeted100Style/RETARGETED_100STYLE/texts/036436.txt
M036436,robot_mechanical,"a person walks sideways to the left taking two steps before spinning counter clockwise, repetlats the steps moving to the right and spinning clockwise a total of four times.",/Data/yash.bhardwaj/datasets/Retargeted100Style/RETARGETED_100STYLE/texts/M036436.txt
036437,robot_mechanical,walking side to side.,/Data/yash.bhardwaj/datasets/Retargeted100Style/RETARGETED_100STYLE/texts/036437.txt
M036437,robot_mechanical,"a person takes a few steps to their left, sits down, and starts pumping their fist like they are cheering someone on.",/Data/yash.bhardwaj/datasets/Retargeted100Style/RETARGETED_100STYLE/texts/M036437.txt
036438,robot_mechanical,"a person walks backwards several steps, turns around, walks backwards again, turns around and begins walking backwards, then stops.",/Data/yash.bhardwaj/datasets/Retargeted100Style/RETARGETED_100STYLE/texts/036438.txt
M036438,robot_mechanical,"a person walks backwards several steps, turns around, walks backwards again, turns around and begins walking backwards, then stops.",/Data/yash.bhardwaj/datasets/Retargeted100Style/RETARGETED_100STYLE/texts/M036438.txt
036439,robot_mechanical,a person walks backwards in a clockwise circle while using their arms to balance by keeping them outstretched at their side.,/Data/yash.bhardwaj/datasets/Retargeted100Style/RETARGETED_100STYLE/texts/036439.txt
M036439,robot_mechanical,the person is walking backwards.,/Data/yash.bhardwaj/datasets/Retargeted100Style/RETARGETED_100STYLE/texts/M036439.txt
036440,robot_mechanical,"a person side-steps to the right, and then side-steps to the left.",/Data/yash.bhardwaj/datasets/Retargeted100Style/RETARGETED_100STYLE/texts/036440.txt
M036440,robot_mechanical,"a person shuffles to the left, the shuffles to the right.",/Data/yash.bhardwaj/datasets/Retargeted100Style/RETARGETED_100STYLE/texts/M036440.txt
